tract10_id,Name
100,Tract 100- King County
200,Tract 200- King County
300,Tract 300- King County
401,Tract 401- King County
402,Tract 402- King County
500,Tract 500- King County
600,Tract 600- King County
700,Tract 700- King County
800,Tract 800- King County
900,Tract 900- King County
1000,Tract 1000- King County
1100,Tract 1100- King County
1200,Tract 1200- King County
1300,Tract 1300- King County
1400,Tract 1400- King County
1500,Tract 1500- King County
1600,Tract 1600- King County
1701,Tract 1701- King County
1702,Tract 1702- King County
1800,Tract 1800- King County
1900,Tract 1900- King County
2000,Tract 2000- King County
2100,Tract 2100- King County
2200,Tract 2200- King County
2400,Tract 2400- King County
2500,Tract 2500- King County
2600,Tract 2600- King County
2700,Tract 2700- King County
2800,Tract 2800- King County
2900,Tract 2900- King County
3000,Tract 3000- King County
3100,Tract 3100- King County
3200,Tract 3200- King County
3300,Tract 3300- King County
3400,Tract 3400- King County
3500,Tract 3500- King County
3600,Tract 3600- King County
3800,Tract 3800- King County
3900,Tract 3900- King County
4000,Tract 4000- King County
4100,Tract 4100- King County
4200,Tract 4200- King County
4301,Tract 4301- King County
4302,Tract 4302- King County
4400,Tract 4400- King County
4500,Tract 4500- King County
4600,Tract 4600- King County
4700,Tract 4700- King County
4800,Tract 4800- King County
4900,Tract 4900- King County
5000,Tract 5000- King County
5100,Tract 5100- King County
5200,Tract 5200- King County
5301,Tract 5301- King County
5302,Tract 5302- King County
5400,Tract 5400- King County
5600,Tract 5600- King County
5700,Tract 5700- King County
5801,Tract 5801- King County
5802,Tract 5802- King County
5900,Tract 5900- King County
6000,Tract 6000- King County
6100,Tract 6100- King County
6200,Tract 6200- King County
6300,Tract 6300- King County
6400,Tract 6400- King County
6500,Tract 6500- King County
6600,Tract 6600- King County
6700,Tract 6700- King County
6800,Tract 6800- King County
6900,Tract 6900- King County
7000,Tract 7000- King County
7100,Tract 7100- King County
7200,Tract 7200- King County
7300,Tract 7300- King County
7401,Tract 7401- King County
7402,Tract 7402- King County
7500,Tract 7500- King County
7600,Tract 7600- King County
7700,Tract 7700- King County
7800,Tract 7800- King County
7900,Tract 7900- King County
8001,Tract 8001- King County
8002,Tract 8002- King County
8100,Tract 8100- King County
8200,Tract 8200- King County
8300,Tract 8300- King County
8400,Tract 8400- King County
8500,Tract 8500- King County
8600,Tract 8600- King County
8700,Tract 8700- King County
8800,Tract 8800- King County
8900,Tract 8900- King County
9000,Tract 9000- King County
9100,Tract 9100- King County
9200,Tract 9200- King County
9300,Tract 9300- King County
9400,Tract 9400- King County
9500,Tract 9500- King County
9600,Tract 9600- King County
9701,Tract 9701- King County
9702,Tract 9702- King County
9800,Tract 9800- King County
9900,Tract 9900- King County
10001,Tract 10001- King County
10002,Tract 10002- King County
10100,Tract 10100- King County
10200,Tract 10200- King County
10300,Tract 10300- King County
10401,Tract 10401- King County
10402,Tract 10402- King County
10500,Tract 10500- King County
10600,Tract 10600- King County
10701,Tract 10701- King County
10702,Tract 10702- King County
10800,Tract 10800- King County
10900,Tract 10900- King County
11001,Tract 11001- King County
11002,Tract 11002- King County
11101,Tract 11101- King County
11102,Tract 11102- King County
11200,Tract 11200- King County
11300,Tract 11300- King County
11401,Tract 11401- King County
11402,Tract 11402- King County
11500,Tract 11500- King County
11600,Tract 11600- King County
11700,Tract 11700- King County
11800,Tract 11800- King County
11900,Tract 11900- King County
12000,Tract 12000- King County
12100,Tract 12100- King County
20100,Tract 20100- King County
20200,Tract 20200- King County
20300,Tract 20300- King County
20401,Tract 20401- King County
20402,Tract 20402- King County
20500,Tract 20500- King County
20600,Tract 20600- King County
20700,Tract 20700- King County
20800,Tract 20800- King County
20900,Tract 20900- King County
21000,Tract 21000- King County
21100,Tract 21100- King County
21300,Tract 21300- King County
21400,Tract 21400- King County
21500,Tract 21500- King County
21600,Tract 21600- King County
21700,Tract 21700- King County
21802,Tract 21802- King County
21803,Tract 21803- King County
21804,Tract 21804- King County
21903,Tract 21903- King County
21904,Tract 21904- King County
21905,Tract 21905- King County
21906,Tract 21906- King County
22001,Tract 22001- King County
22003,Tract 22003- King County
22005,Tract 22005- King County
22006,Tract 22006- King County
22101,Tract 22101- King County
22102,Tract 22102- King County
22201,Tract 22201- King County
22202,Tract 22202- King County
22203,Tract 22203- King County
22300,Tract 22300- King County
22400,Tract 22400- King County
22500,Tract 22500- King County
22603,Tract 22603- King County
22604,Tract 22604- King County
22605,Tract 22605- King County
22606,Tract 22606- King County
22701,Tract 22701- King County
22702,Tract 22702- King County
22703,Tract 22703- King County
22801,Tract 22801- King County
22802,Tract 22802- King County
22803,Tract 22803- King County
22901,Tract 22901- King County
22902,Tract 22902- King County
23000,Tract 23000- King County
23100,Tract 23100- King County
23201,Tract 23201- King County
23202,Tract 23202- King County
23300,Tract 23300- King County
23401,Tract 23401- King County
23403,Tract 23403- King County
23404,Tract 23404- King County
23500,Tract 23500- King County
23601,Tract 23601- King County
23603,Tract 23603- King County
23604,Tract 23604- King County
23700,Tract 23700- King County
23801,Tract 23801- King County
23803,Tract 23803- King County
23804,Tract 23804- King County
23900,Tract 23900- King County
24000,Tract 24000- King County
24100,Tract 24100- King County
24200,Tract 24200- King County
24300,Tract 24300- King County
24400,Tract 24400- King County
24500,Tract 24500- King County
24601,Tract 24601- King County
24602,Tract 24602- King County
24701,Tract 24701- King County
24702,Tract 24702- King County
24800,Tract 24800- King County
24901,Tract 24901- King County
24902,Tract 24902- King County
24903,Tract 24903- King County
25001,Tract 25001- King County
25003,Tract 25003- King County
25005,Tract 25005- King County
25006,Tract 25006- King County
25101,Tract 25101- King County
25102,Tract 25102- King County
25200,Tract 25200- King County
25301,Tract 25301- King County
25302,Tract 25302- King County
25400,Tract 25400- King County
25500,Tract 25500- King County
25601,Tract 25601- King County
25602,Tract 25602- King County
25701,Tract 25701- King County
25702,Tract 25702- King County
25803,Tract 25803- King County
25804,Tract 25804- King County
25805,Tract 25805- King County
25806,Tract 25806- King County
26001,Tract 26001- King County
26002,Tract 26002- King County
26100,Tract 26100- King County
26200,Tract 26200- King County
26300,Tract 26300- King County
26400,Tract 26400- King County
26500,Tract 26500- King County
26600,Tract 26600- King County
26700,Tract 26700- King County
26801,Tract 26801- King County
26802,Tract 26802- King County
27000,Tract 27000- King County
27100,Tract 27100- King County
27200,Tract 27200- King County
27300,Tract 27300- King County
27400,Tract 27400- King County
27500,Tract 27500- King County
27600,Tract 27600- King County
27701,Tract 27701- King County
27702,Tract 27702- King County
27800,Tract 27800- King County
27900,Tract 27900- King County
28000,Tract 28000- King County
28100,Tract 28100- King County
28200,Tract 28200- King County
28300,Tract 28300- King County
28402,Tract 28402- King County
28403,Tract 28403- King County
28500,Tract 28500- King County
28600,Tract 28600- King County
28700,Tract 28700- King County
28801,Tract 28801- King County
28802,Tract 28802- King County
28901,Tract 28901- King County
28902,Tract 28902- King County
29001,Tract 29001- King County
29003,Tract 29003- King County
29004,Tract 29004- King County
29101,Tract 29101- King County
29102,Tract 29102- King County
29203,Tract 29203- King County
29204,Tract 29204- King County
29205,Tract 29205- King County
29206,Tract 29206- King County
29303,Tract 29303- King County
29304,Tract 29304- King County
29305,Tract 29305- King County
29306,Tract 29306- King County
29307,Tract 29307- King County
29403,Tract 29403- King County
29405,Tract 29405- King County
29406,Tract 29406- King County
29407,Tract 29407- King County
29408,Tract 29408- King County
29502,Tract 29502- King County
29503,Tract 29503- King County
29504,Tract 29504- King County
29601,Tract 29601- King County
29602,Tract 29602- King County
29700,Tract 29700- King County
29801,Tract 29801- King County
29802,Tract 29802- King County
29901,Tract 29901- King County
29902,Tract 29902- King County
30003,Tract 30003- King County
30004,Tract 30004- King County
30005,Tract 30005- King County
30006,Tract 30006- King County
30100,Tract 30100- King County
30201,Tract 30201- King County
30202,Tract 30202- King County
30304,Tract 30304- King County
30305,Tract 30305- King County
30306,Tract 30306- King County
30308,Tract 30308- King County
30309,Tract 30309- King County
30310,Tract 30310- King County
30311,Tract 30311- King County
30312,Tract 30312- King County
30313,Tract 30313- King County
30314,Tract 30314- King County
30401,Tract 30401- King County
30403,Tract 30403- King County
30404,Tract 30404- King County
30501,Tract 30501- King County
30503,Tract 30503- King County
30504,Tract 30504- King County
30600,Tract 30600- King County
30700,Tract 30700- King County
30801,Tract 30801- King County
30802,Tract 30802- King County
30901,Tract 30901- King County
30902,Tract 30902- King County
31000,Tract 31000- King County
31100,Tract 31100- King County
31202,Tract 31202- King County
31204,Tract 31204- King County
31205,Tract 31205- King County
31206,Tract 31206- King County
31301,Tract 31301- King County
31302,Tract 31302- King County
31400,Tract 31400- King County
31501,Tract 31501- King County
31502,Tract 31502- King County
31601,Tract 31601- King County
31603,Tract 31603- King County
31604,Tract 31604- King County
31605,Tract 31605- King County
31703,Tract 31703- King County
31704,Tract 31704- King County
31705,Tract 31705- King County
31706,Tract 31706- King County
31800,Tract 31800- King County
31903,Tract 31903- King County
31904,Tract 31904- King County
31906,Tract 31906- King County
31907,Tract 31907- King County
31908,Tract 31908- King County
31909,Tract 31909- King County
32002,Tract 32002- King County
32003,Tract 32003- King County
32005,Tract 32005- King County
32006,Tract 32006- King County
32007,Tract 32007- King County
32008,Tract 32008- King County
32010,Tract 32010- King County
32011,Tract 32011- King County
32102,Tract 32102- King County
32103,Tract 32103- King County
32104,Tract 32104- King County
32203,Tract 32203- King County
32207,Tract 32207- King County
32208,Tract 32208- King County
32210,Tract 32210- King County
32211,Tract 32211- King County
32212,Tract 32212- King County
32213,Tract 32213- King County
32214,Tract 32214- King County
32215,Tract 32215- King County
32307,Tract 32307- King County
32309,Tract 32309- King County
32311,Tract 32311- King County
32313,Tract 32313- King County
32315,Tract 32315- King County
32316,Tract 32316- King County
32317,Tract 32317- King County
32318,Tract 32318- King County
32319,Tract 32319- King County
32320,Tract 32320- King County
32321,Tract 32321- King County
32322,Tract 32322- King County
32323,Tract 32323- King County
32324,Tract 32324- King County
32325,Tract 32325- King County
32326,Tract 32326- King County
32327,Tract 32327- King County
32328,Tract 32328- King County
32329,Tract 32329- King County
32401,Tract 32401- King County
32402,Tract 32402- King County
32500,Tract 32500- King County
32601,Tract 32601- King County
32602,Tract 32602- King County
32702,Tract 32702- King County
32703,Tract 32703- King County
32704,Tract 32704- King County
32800,Tract 32800- King County
40100,Tract 40100- Snohomish County
40200,Tract 40200- Snohomish County
40300,Tract 40300- Snohomish County
40400,Tract 40400- Snohomish County
40500,Tract 40500- Snohomish County
40700,Tract 40700- Snohomish County
40800,Tract 40800- Snohomish County
40900,Tract 40900- Snohomish County
41000,Tract 41000- Snohomish County
41100,Tract 41100- Snohomish County
41201,Tract 41201- Snohomish County
41202,Tract 41202- Snohomish County
41301,Tract 41301- Snohomish County
41303,Tract 41303- Snohomish County
41304,Tract 41304- Snohomish County
41400,Tract 41400- Snohomish County
41500,Tract 41500- Snohomish County
41601,Tract 41601- Snohomish County
41605,Tract 41605- Snohomish County
41606,Tract 41606- Snohomish County
41607,Tract 41607- Snohomish County
41608,Tract 41608- Snohomish County
41701,Tract 41701- Snohomish County
41703,Tract 41703- Snohomish County
41704,Tract 41704- Snohomish County
41805,Tract 41805- Snohomish County
41806,Tract 41806- Snohomish County
41808,Tract 41808- Snohomish County
41809,Tract 41809- Snohomish County
41810,Tract 41810- Snohomish County
41811,Tract 41811- Snohomish County
41812,Tract 41812- Snohomish County
41901,Tract 41901- Snohomish County
41903,Tract 41903- Snohomish County
41904,Tract 41904- Snohomish County
41905,Tract 41905- Snohomish County
42001,Tract 42001- Snohomish County
42003,Tract 42003- Snohomish County
42004,Tract 42004- Snohomish County
42005,Tract 42005- Snohomish County
42006,Tract 42006- Snohomish County
50101,Tract 50101- Snohomish County
50102,Tract 50102- Snohomish County
50200,Tract 50200- Snohomish County
50300,Tract 50300- Snohomish County
50401,Tract 50401- Snohomish County
50402,Tract 50402- Snohomish County
50500,Tract 50500- Snohomish County
50600,Tract 50600- Snohomish County
50700,Tract 50700- Snohomish County
50800,Tract 50800- Snohomish County
50900,Tract 50900- Snohomish County
51000,Tract 51000- Snohomish County
51100,Tract 51100- Snohomish County
51200,Tract 51200- Snohomish County
51300,Tract 51300- Snohomish County
51400,Tract 51400- Snohomish County
51500,Tract 51500- Snohomish County
51601,Tract 51601- Snohomish County
51602,Tract 51602- Snohomish County
51701,Tract 51701- Snohomish County
51702,Tract 51702- Snohomish County
51802,Tract 51802- Snohomish County
51803,Tract 51803- Snohomish County
51804,Tract 51804- Snohomish County
51905,Tract 51905- Snohomish County
51912,Tract 51912- Snohomish County
51913,Tract 51913- Snohomish County
51914,Tract 51914- Snohomish County
51915,Tract 51915- Snohomish County
51916,Tract 51916- Snohomish County
51917,Tract 51917- Snohomish County
51918,Tract 51918- Snohomish County
51921,Tract 51921- Snohomish County
51922,Tract 51922- Snohomish County
51923,Tract 51923- Snohomish County
51924,Tract 51924- Snohomish County
51925,Tract 51925- Snohomish County
51926,Tract 51926- Snohomish County
51927,Tract 51927- Snohomish County
51928,Tract 51928- Snohomish County
52003,Tract 52003- Snohomish County
52004,Tract 52004- Snohomish County
52005,Tract 52005- Snohomish County
52006,Tract 52006- Snohomish County
52007,Tract 52007- Snohomish County
52104,Tract 52104- Snohomish County
52105,Tract 52105- Snohomish County
52107,Tract 52107- Snohomish County
52108,Tract 52108- Snohomish County
52112,Tract 52112- Snohomish County
52113,Tract 52113- Snohomish County
52114,Tract 52114- Snohomish County
52115,Tract 52115- Snohomish County
52118,Tract 52118- Snohomish County
52203,Tract 52203- Snohomish County
52204,Tract 52204- Snohomish County
52206,Tract 52206- Snohomish County
52207,Tract 52207- Snohomish County
52208,Tract 52208- Snohomish County
52209,Tract 52209- Snohomish County
52301,Tract 52301- Snohomish County
52302,Tract 52302- Snohomish County
52401,Tract 52401- Snohomish County
52402,Tract 52402- Snohomish County
52502,Tract 52502- Snohomish County
52503,Tract 52503- Snohomish County
52504,Tract 52504- Snohomish County
52603,Tract 52603- Snohomish County
52604,Tract 52604- Snohomish County
52605,Tract 52605- Snohomish County
52606,Tract 52606- Snohomish County
52607,Tract 52607- Snohomish County
52701,Tract 52701- Snohomish County
52705,Tract 52705- Snohomish County
52706,Tract 52706- Snohomish County
52707,Tract 52707- Snohomish County
52708,Tract 52708- Snohomish County
52709,Tract 52709- Snohomish County
52803,Tract 52803- Snohomish County
52804,Tract 52804- Snohomish County
52805,Tract 52805- Snohomish County
52806,Tract 52806- Snohomish County
52903,Tract 52903- Snohomish County
52904,Tract 52904- Snohomish County
52905,Tract 52905- Snohomish County
52906,Tract 52906- Snohomish County
53101,Tract 53101- Snohomish County
53102,Tract 53102- Snohomish County
53201,Tract 53201- Snohomish County
53202,Tract 53202- Snohomish County
53301,Tract 53301- Snohomish County
53302,Tract 53302- Snohomish County
53400,Tract 53400- Snohomish County
53504,Tract 53504- Snohomish County
53505,Tract 53505- Snohomish County
53506,Tract 53506- Snohomish County
53507,Tract 53507- Snohomish County
53508,Tract 53508- Snohomish County
53509,Tract 53509- Snohomish County
53601,Tract 53601- Snohomish County
53602,Tract 53602- Snohomish County
53603,Tract 53603- Snohomish County
53604,Tract 53604- Snohomish County
53700,Tract 53700- Snohomish County
53801,Tract 53801- Snohomish County
53802,Tract 53802- Snohomish County
53803,Tract 53803- Snohomish County
60200,Tract 60200- Pierce County
60300,Tract 60300- Pierce County
60400,Tract 60400- Pierce County
60500,Tract 60500- Pierce County
60600,Tract 60600- Pierce County
60700,Tract 60700- Pierce County
60800,Tract 60800- Pierce County
60903,Tract 60903- Pierce County
60904,Tract 60904- Pierce County
60905,Tract 60905- Pierce County
60906,Tract 60906- Pierce County
61001,Tract 61001- Pierce County
61002,Tract 61002- Pierce County
61100,Tract 61100- Pierce County
61200,Tract 61200- Pierce County
61300,Tract 61300- Pierce County
61400,Tract 61400- Pierce County
61500,Tract 61500- Pierce County
61601,Tract 61601- Pierce County
61602,Tract 61602- Pierce County
61700,Tract 61700- Pierce County
61800,Tract 61800- Pierce County
61900,Tract 61900- Pierce County
62000,Tract 62000- Pierce County
62300,Tract 62300- Pierce County
62400,Tract 62400- Pierce County
62500,Tract 62500- Pierce County
62600,Tract 62600- Pierce County
62801,Tract 62801- Pierce County
62802,Tract 62802- Pierce County
62900,Tract 62900- Pierce County
63000,Tract 63000- Pierce County
63100,Tract 63100- Pierce County
63200,Tract 63200- Pierce County
63300,Tract 63300- Pierce County
63400,Tract 63400- Pierce County
63501,Tract 63501- Pierce County
63502,Tract 63502- Pierce County
70100,Tract 70100- Pierce County
70203,Tract 70203- Pierce County
70204,Tract 70204- Pierce County
70205,Tract 70205- Pierce County
70206,Tract 70206- Pierce County
70207,Tract 70207- Pierce County
70307,Tract 70307- Pierce County
70308,Tract 70308- Pierce County
70309,Tract 70309- Pierce County
70310,Tract 70310- Pierce County
70311,Tract 70311- Pierce County
70312,Tract 70312- Pierce County
70313,Tract 70313- Pierce County
70314,Tract 70314- Pierce County
70315,Tract 70315- Pierce County
70316,Tract 70316- Pierce County
70401,Tract 70401- Pierce County
70403,Tract 70403- Pierce County
70404,Tract 70404- Pierce County
70703,Tract 70703- Pierce County
71100,Tract 71100- Pierce County
71205,Tract 71205- Pierce County
71206,Tract 71206- Pierce County
71207,Tract 71207- Pierce County
71208,Tract 71208- Pierce County
71209,Tract 71209- Pierce County
71210,Tract 71210- Pierce County
71304,Tract 71304- Pierce County
71305,Tract 71305- Pierce County
71306,Tract 71306- Pierce County
71307,Tract 71307- Pierce County
71309,Tract 71309- Pierce County
71310,Tract 71310- Pierce County
71403,Tract 71403- Pierce County
71406,Tract 71406- Pierce County
71407,Tract 71407- Pierce County
71408,Tract 71408- Pierce County
71409,Tract 71409- Pierce County
71410,Tract 71410- Pierce County
71411,Tract 71411- Pierce County
71503,Tract 71503- Pierce County
71504,Tract 71504- Pierce County
71505,Tract 71505- Pierce County
71506,Tract 71506- Pierce County
71601,Tract 71601- Pierce County
71602,Tract 71602- Pierce County
71703,Tract 71703- Pierce County
71704,Tract 71704- Pierce County
71705,Tract 71705- Pierce County
71706,Tract 71706- Pierce County
71707,Tract 71707- Pierce County
71803,Tract 71803- Pierce County
71805,Tract 71805- Pierce County
71806,Tract 71806- Pierce County
71807,Tract 71807- Pierce County
71808,Tract 71808- Pierce County
71901,Tract 71901- Pierce County
71902,Tract 71902- Pierce County
72000,Tract 72000- Pierce County
72105,Tract 72105- Pierce County
72106,Tract 72106- Pierce County
72107,Tract 72107- Pierce County
72108,Tract 72108- Pierce County
72109,Tract 72109- Pierce County
72111,Tract 72111- Pierce County
72112,Tract 72112- Pierce County
72305,Tract 72305- Pierce County
72307,Tract 72307- Pierce County
72308,Tract 72308- Pierce County
72309,Tract 72309- Pierce County
72310,Tract 72310- Pierce County
72311,Tract 72311- Pierce County
72312,Tract 72312- Pierce County
72313,Tract 72313- Pierce County
72405,Tract 72405- Pierce County
72406,Tract 72406- Pierce County
72407,Tract 72407- Pierce County
72408,Tract 72408- Pierce County
72409,Tract 72409- Pierce County
72410,Tract 72410- Pierce County
72503,Tract 72503- Pierce County
72504,Tract 72504- Pierce County
72505,Tract 72505- Pierce County
72506,Tract 72506- Pierce County
72507,Tract 72507- Pierce County
72601,Tract 72601- Pierce County
72602,Tract 72602- Pierce County
72603,Tract 72603- Pierce County
72800,Tract 72800- Pierce County
72901,Tract 72901- Pierce County
72903,Tract 72903- Pierce County
72905,Tract 72905- Pierce County
72906,Tract 72906- Pierce County
72907,Tract 72907- Pierce County
73001,Tract 73001- Pierce County
73005,Tract 73005- Pierce County
73006,Tract 73006- Pierce County
73108,Tract 73108- Pierce County
73110,Tract 73110- Pierce County
73111,Tract 73111- Pierce County
73113,Tract 73113- Pierce County
73114,Tract 73114- Pierce County
73115,Tract 73115- Pierce County
73116,Tract 73116- Pierce County
73117,Tract 73117- Pierce County
73118,Tract 73118- Pierce County
73119,Tract 73119- Pierce County
73120,Tract 73120- Pierce County
73121,Tract 73121- Pierce County
73122,Tract 73122- Pierce County
73123,Tract 73123- Pierce County
73124,Tract 73124- Pierce County
73125,Tract 73125- Pierce County
73126,Tract 73126- Pierce County
73200,Tract 73200- Pierce County
73301,Tract 73301- Pierce County
73302,Tract 73302- Pierce County
73404,Tract 73404- Pierce County
73405,Tract 73405- Pierce County
73406,Tract 73406- Pierce County
73407,Tract 73407- Pierce County
73408,Tract 73408- Pierce County
73500,Tract 73500- Pierce County
80101,Tract 80101- Kitsap County
80102,Tract 80102- Kitsap County
80200,Tract 80200- Kitsap County
80300,Tract 80300- Kitsap County
80400,Tract 80400- Kitsap County
80500,Tract 80500- Kitsap County
80600,Tract 80600- Kitsap County
80700,Tract 80700- Kitsap County
80800,Tract 80800- Kitsap County
80900,Tract 80900- Kitsap County
81000,Tract 81000- Kitsap County
81100,Tract 81100- Kitsap County
81200,Tract 81200- Kitsap County
81400,Tract 81400- Kitsap County
90101,Tract 90101- Kitsap County
90102,Tract 90102- Kitsap County
90201,Tract 90201- Kitsap County
90202,Tract 90202- Kitsap County
90300,Tract 90300- Kitsap County
90400,Tract 90400- Kitsap County
90501,Tract 90501- Kitsap County
90502,Tract 90502- Kitsap County
90700,Tract 90700- Kitsap County
90800,Tract 90800- Kitsap County
90900,Tract 90900- Kitsap County
91000,Tract 91000- Kitsap County
91100,Tract 91100- Kitsap County
91201,Tract 91201- Kitsap County
91203,Tract 91203- Kitsap County
91204,Tract 91204- Kitsap County
91301,Tract 91301- Kitsap County
91302,Tract 91302- Kitsap County
91400,Tract 91400- Kitsap County
91500,Tract 91500- Kitsap County
91600,Tract 91600- Kitsap County
91700,Tract 91700- Kitsap County
91800,Tract 91800- Kitsap County
91900,Tract 91900- Kitsap County
92000,Tract 92000- Kitsap County
92100,Tract 92100- Kitsap County
92200,Tract 92200- Kitsap County
92300,Tract 92300- Kitsap County
92400,Tract 92400- Kitsap County
92500,Tract 92500- Kitsap County
92600,Tract 92600- Kitsap County
92701,Tract 92701- Kitsap County
92704,Tract 92704- Kitsap County
92801,Tract 92801- Kitsap County
92802,Tract 92802- Kitsap County
92803,Tract 92803- Kitsap County
92901,Tract 92901- Kitsap County
92902,Tract 92902- Kitsap County
940000,Tract 940000- Multi-County
940001,Tract 940001- Multi-County
940002,Tract 940002- Multi-County
940003,Tract 940003- Multi-County
940004,Tract 940004- Multi-County
940005,Tract 940005- Multi-County
940006,Tract 940006- Multi-County
940007,Tract 940007- Multi-County
940008,Tract 940008- Multi-County
940009,Tract 940009- Multi-County
940010,Tract 940010- Multi-County
940011,Tract 940011- Multi-County
940100,Tract 940100- Multi-County
990100,Tract 990100- Multi-County
990202,Tract 990202- Multi-County
990002,Tract 990002- Multi-County
